dataset,corr_thresh,mse_full,trees_full,mse_method_A,trees_method_A,mse_method_B,trees_method_B,mse_method_C,trees_method_C,mse_basic_shap_only
3droad,0.9,,200,125.58211893718963,22,137.55837176537605,60,151.0408652386362,54,146.86557475329042
slice,0.95,,200,33.59193909664991,30,34.98388432745902,55,38.305731557955866,56,44.74598450259853
